<?xml version="1.0" encoding="UTF-8" ?>
<!DOCTYPE mapper
        PUBLIC "-//mybatis.org//DTD Mapper 3.0//EN"
        "https://mybatis.org/dtd/mybatis-3-mapper.dtd">

<mapper namespace="com.korit.kakaoemotionshop.repository.AccountRepository">
    <resultMap id="userMst" type="com.korit.kakaoemotionshop.entity.UserMst">
        <result property="userId" column="user_id"></result>
        <result property="username" column="username"></result>
        <result property="password" column="password"></result>
        <result property="name" column="name"></result>
        <result property="email" column="email"></result>
        <result property="provider" column="provider"></result>
        <result property="createDate" column="create_date"></result>
        <result property="updateDate" column="update_date"></result>
        <collection property="roleDtl" javaType="list" resultMap="roleDtl"></collection>
    </resultMap>

    <resultMap id="roleMst" type="com.korit.kakaoemotionshop.entity.RoleMst">
        <result property="roleId" column="role_id"></result>
        <result property="roleName" column="role_name"></result>
        <result property="createDate" column="create_date"></result>
        <result property="updateDate" column="update_date"></result>
    </resultMap>

    <resultMap id="roleDtl" type="com.korit.kakaoemotionshop.entity.RoleDtl">
        <result property="roleDtlId" column="role_dtl_id"></result>
        <result property="userId" column="user_id"></result>
        <result property="roleId" column="role_id"></result>
        <result property="createDate" column="create_date"></result>
        <result property="updateDate" column="update_date"></result>
        <collection property="roleMst" resultMap="roleMst"></collection>
    </resultMap>

    <select id="findUserByUserId" parameterType="Integer" resultMap="userMst">
        select
            um.user_id,
            um.username,
            um.password,
            um.name,
            um.email,
            um.provider,
            rd.role_id,
            rm.role_name,

            um.create_date,
            um.update_date
        from
            user_mst um
            left outer join role_dtl rd on(rd.user_id = um.user_id)
            left outer join role_mst rm on(rm.role_id = rd.role_id)
        where
            um.user_id = #{userId}
    </select>

    <select id="findUserByUsername" parameterType="String" resultMap="userMst">
        select
            um.user_id,
            um.username,
            um.password,
            um.name,
            um.email,
            um.provider,

            rd.role_id,
            rm.role_name,

            um.create_date,
            um.update_date
        from
            user_mst um
            left outer join role_dtl rd on(rd.user_id = um.user_id)
            left outer join role_mst rm on(rm.role_id = rd.role_id)
        where
            um.username = #{username}
    </select>

    <insert id="saveUser"
            parameterType="com.korit.kakaoemotionshop.entity.UserMst"
            useGeneratedKeys="true"
            keyProperty="userId">
        insert into user_mst
        values (0, #{username}, #{password}, #{name}, #{email}, #{provider}, now(), now())
    </insert>

    <insert id="saveRole" parameterType="com.korit.kakaoemotionshop.entity.UserMst">
        insert into role_dtl
        values (0, #{userId}, 1, now(), now())
    </insert>

    <update id="setUserProvider" parameterType="com.korit.kakaoemotionshop.entity.UserMst">
        update
            user_mst
        set
            provider = #{provider}
        where
            user_id = #{userId}
    </update>


</mapper>