<?xml version="1.0" encoding="UTF-8" ?>
<!DOCTYPE mapper
        PUBLIC "-//mybatis.org//DTD Mapper 3.0//EN"
        "https://mybatis.org/dtd/mybatis-3-mapper.dtd">

<mapper namespace="com.korit.kakaoemotionshop.repository.EmoRepository">
    <select id="searchEmo" parameterType="com.korit.kakaoemotionshop.web.dto.SearchReqDto"
            resultType="com.korit.kakaoemotionshop.entity.EmoMst">
        select
            emo_id as emoId,
            emo_code as emoCode,
            emo_name as emoName,
            company,
            emo_date as emoDate
        from
            emo_mst
        where
            1 = 1
        <if test = "searchValue != null">
            and (
                emo_name like concat('%', #{searchValue}, '%')
                or company like concat('%', #{searchValue}, '%')
            )
        </if>

        order by
        <choose>
             <when test = 'order == "emoName"'>emo_name,</when>
             <when test = 'order == "company"'>company,</when>
             <when test = 'order == "dateAsc"'>emo_date,</when>
             <when test = 'order == "dataDesc"'>emo_date desc,</when>
        </choose>
        emo_id
        <if test = 'limit == "Y"'>
            limit #{index}, #{count}
        </if>
    </select>

    <select id="findEmoImageByEmoCode" resultType="com.korit.kakaoemotionshop.entity.EmoImage">
        select
            image_id as imageId,
            image_seq as imageSeq,
            emo_code as emoCode,
            save_name as saveName,
            origin_name as originName
        from
            emo_image
        where
            emo_code = #{emoCode}
        order by
            emoCode,
            imageSeq
    </select>

    <select id="findEmoByEmoCode" resultType="com.korit.kakaoemotionshop.entity.EmoMst">
        select
            emo_id as emoId,
            emo_code as emoCode,
            emo_name as emoName,
            company,
            emo_date as emoDate
        from
            emo_mst
        where
            emo_code = #{emoCode}
    </select>

    <select id="findEmoImageAll" resultType="com.korit.kakaoemotionshop.entity.EmoImage">
        select
            image_id as imageId,
            image_seq as imageSeq,
            emo_code as emoCode,
            save_name as saveName,
            origin_name as originName
        from
            emo_image
        where
            emo_code = #{emoCode}
        order by
            emoCode,
            imageSeq
    </select>

    <select id="findEmoImageByImageId" resultType="com.korit.kakaoemotionshop.entity.EmoImage">
        select
            image_id as imageId,
            image_seq as imageSeq,
            emo_code as emoCode,
            save_name as saveName,
            origin_name as originName
        from
            emo_image
        where
            image_id = #{imageId}
        order by
            emoCode,
            imageSeq
    </select>

    <select id="findEmoImageOne" resultType="com.korit.kakaoemotionshop.entity.EmoImage">
        select
            min(image_id) as imageId,
            image_seq as imageSeq,
            emo_code as emoCode,
            save_name as saveName,
            origin_name as originName
        from
            emo_image
        where
            emo_code = #{emoCode}
    </select>

    <select id="getEmoTotalCount" parameterType="com.korit.kakaoemotionshop.web.dto.SearchNumberListDto" resultType="integer">
        select
            count(*)
        from
            emo_mst
        where
            1 = 1
        <if test='searchValue != null and searchValue !=""'>
            and	(
            emo_name like CONCAT('%', #{searchValue}, '%')
            or	company like CONCAT('%', #{searchValue}, '%')
            )
        </if>
    </select>

    <insert id="saveEmo" parameterType="com.korit.kakaoemotionshop.web.dto.EmoReqDto">
        insert into emo_mst
        values
            (0, #{emoCode},#{emoName}, #{company}, #{emoDate})
    </insert>

    <insert id="registerEmoImages" parameterType="list">
        insert into emo_image
        values
        <foreach collection="list" index="index" item="file" separator=",">
            (0, 1 + #{index}, #{file.emoCode}, #{file.saveName}, #{file.originName})
        </foreach>
    </insert>

    <update id="updateEmoByEmoCode" parameterType="com.korit.kakaoemotionshop.web.dto.EmoReqDto">
        update emo_mst
        set
            emo_name = #{emoName},
            company = #{company},
            emo_date = #{emoDate}
        where
            emo_code = #{emoCode}
    </update>

    <delete id="deleteEmos" parameterType="List">
        delete
        from
            emo_mst
        where
            emo_id in
        <foreach collection="list" item="emoId" open="(" close=")" separator=",">
            #{emoId}
        </foreach>
    </delete>

    <delete id="deleteEmo">
        delete
        from
            emo_mst
        where
            emo_code = #{emoCode}
    </delete>

    <delete id="deleteEmoImage">
        delete
        from
            emo_image
        where
            image_id = #{imageId}
    </delete>
</mapper>